;branľa;NIP;wojew˘dztwo;miasto;kod pocztowy;adres;@;telefon;Opis;pakiet;;dni pakietu ;strona www
Kosmetyka upiększająca. Gabinet;8;1250260257;7;Zielonka (wołomiński);05-220;ul. Powstańców 4;agnieszkaskowronska@wp.pl;48223536626;Nie uzupełniono jeszcze opisu firmy;Godny-polecenia.pl;2;300;
Dermika. Gabinet fryzjersko - kosmetyczny;8;5242521691;7;Warszawa;03-131;ul. Mehoffera 68d;gabinety@gabinetydermika.pl;48227445359;Nie uzupełniono jeszcze opisu firmy;Godny-polecenia.pl;2;301;
Venus.;8;9511231923;7;Warszawa;02-722;al. Komisji Edukacji Narodowej 98;katarzynamajor@onet.pl;48228554214;Nie uzupełniono jeszcze opisu firmy;Godny-polecenia.pl;2;302;
J.S. Centrum zdrowia i urody. Szpecht J.;8;5251581787;7;Warszawa;01-871;ul. Kasprowicza 36;jscentrum@op.pl;48228350926;Nie uzupełniono jeszcze opisu firmy;Godny-polecenia.pl;2;303;
Yonelle;8;5261002762;7;Warszawa;01-518;ul. gen. J. Zajączka 9A lok. 24;salon@yonelle.pl;48223313905;Nie uzupełniono jeszcze opisu firmy;Godny-polecenia.pl;2;304;
Aleja Piękna;8;1132224435;7;Warszawa;01-503;al. Wojska Polskiego 41 lok. 108/109;natalia.litwinow@aleja-piekna.pl;48223930300;Nie uzupełniono jeszcze opisu firmy;Godny-polecenia.pl;2;305;
Venus. Salon piękności;8;9482455872;7;Radom;26-610;ul. Niedziałkowskiego 8/10;venus.radom@op.pl;48601415618;Nie uzupełniono jeszcze opisu firmy;Godny-polecenia.pl;2;306;
Ona & On. Salon pielęgnacji urody. Żendarski D.;8;7761250636;7;Sierpc;09-200;ul. Mickiewicza 42a;ilonazendarska@op.pl;48242751085;Nie uzupełniono jeszcze opisu firmy;Godny-polecenia.pl;2;307;
Studio Uroda. Romaniuk E.;8;5240406187;7;Warszawa;03-432;ul. Kowelska 10;chili6@wp.pl;48226982020;Nie uzupełniono jeszcze opisu firmy;Godny-polecenia.pl;2;308;
Petrova Beata. Gabinet kosmetyczny. Pedicure lecznicy, mikrodermabrazja;8;9661303647;7;Warszawa;01-858;ul. Rudnickiego 3a lok. 8h;gabinet@petrova.pl;48226633998;Nie uzupełniono jeszcze opisu firmy;Godny-polecenia.pl;2;309;
Hrabianka. Salon kosmetyczny. Kupiec U.;8;9511474896;7;Warszawa;02-786;ul. Lachmana 6;hrabianka2009@o2.pl;48223534666;Nie uzupełniono jeszcze opisu firmy;Godny-polecenia.pl;2;310;
Art of Colours. Makijaż, make-up;8;5252137936;7;Warszawa;01-869;ul. Marymoncka 32b;zosia@makijaz-wawa.pl;48501287522;Nie uzupełniono jeszcze opisu firmy;Godny-polecenia.pl;2;311;
Indygo Lash. Przedłużanie rzęs;8;8221068006;7;Warszawa;02-793;ul. Przy Bażantarni 13;surganow.dorota@wp.pl;48668393722;Nie uzupełniono jeszcze opisu firmy;Godny-polecenia.pl;2;312;
Nefretete SPA. Centrum zdrowia i urody;8;7960105546;7;Radom;26-600;ul. Główna 12;recepcja@spa-radom.pl;48609502933;Nie uzupełniono jeszcze opisu firmy;Godny-polecenia.pl;2;313;
Izonik. Kozeta-Kłopotowska I.;8;1250113906;7;Wołomin;05-200;ul. Wileńska 5 lok. 8;izonik@o2.pl;48227865186;Nie uzupełniono jeszcze opisu firmy;Godny-polecenia.pl;2;314;
Planeta Urody. Urbańczyk A.;8;7981116360;7;Piaseczno (piaseczyński);05-500;ul. Jana Pawła II 31 lok. 18;kontakt@planeta-urody.com;48519643543;Nie uzupełniono jeszcze opisu firmy;Godny-polecenia.pl;2;315;
Visage. Salon;8;5221001621;7;Warszawa;02-436;ul. Globusowa 27;salon@visage.pl;48228637936;Nie uzupełniono jeszcze opisu firmy;Godny-polecenia.pl;2;316;
Beauty Club. Skonieczny W.;8;8261856632;7;Warszawa;00-199;ul. Pokorna 2 lok. U15;beauty.club@wp.pl;48604259346;Nie uzupełniono jeszcze opisu firmy;Godny-polecenia.pl;2;317;
Metmorfoza. Salon kosmetyczny;8;7611491232;7;Chorzele;06-330;ul. Witosa 8;milena181@wp.pl;48511057528;Nie uzupełniono jeszcze opisu firmy;Godny-polecenia.pl;2;318;
Butterfly Body Clinic;8;5741454300;7;Warszawa;02-797;al. Komisji Edukacji Narodowej 15;m.budkowska@gmail.com;48222131666;Nie uzupełniono jeszcze opisu firmy;Godny-polecenia.pl;2;319;
Beauty Line;8;5221154425;7;Józefów (otwocki);05-420;ul. Polna 9a;agakalinska@wp.pl;48227892632;Nie uzupełniono jeszcze opisu firmy;;2;300;
I & P s.c.;8;9512218669;7;Ząbki;05-091;ul. Narutowicza 47;pasternak@autograf.pl;48606475208;Nie uzupełniono jeszcze opisu firmy;;2;301;
KACPRZAK MARTYNA CENTRUM URODY ESTETICA;8;7962762159;7;Radom;26-600;ul. Juliusza Słowackiego 78;estetica.radom@gmail.com;48483632731;Nie uzupełniono jeszcze opisu firmy;;2;302;
Body Clinic. Kosmetyka;8;9521195608;7;Warszawa;00-332;ul. Oboźna 9 lok. 104;kontakt@bodyclinic.pl;48228261160;Nie uzupełniono jeszcze opisu firmy;;2;303;
Latika. Studio stylizacji paznokci;8;1250552540;7;Pruszków (pruszkowski);05-800;al. Armii Krajowej 38;studio@studiolatika.pl;48791878400;Nie uzupełniono jeszcze opisu firmy;;2;304;
Astoris. Kuźwa D.;8;5241475078;7;Warszawa;03-203;ul. Bazyliańska 5 lok. 41;dkuzwa@gmail.com;48663192727;Nie uzupełniono jeszcze opisu firmy;;2;305;
In Futuro. Gabinet kosmetyczny Dr. Belter;8;;7;Warszawa;04-078;ul. Garibaldiego 12bg;kontakt@salonfuturo.pl;48228704451;Nie uzupełniono jeszcze opisu firmy;;2;306;
La Femme. Studio Fryzur I Piękności.;8;9511639110;7;Warszawa;03-978;ul. Ateńska 10;doby1@wp.pl;48226176224;Nie uzupełniono jeszcze opisu firmy;;2;307;
Shanti. Profesjonalne centrum zdrowia i urody. Zabiegi kosmetyczne, pielęgnacyjne;8;1250234171;7;Warszawa;04-454;ul. al. gen. Chruściela Montera 13;krysia-korn@wp.pl;48226129544;Nie uzupełniono jeszcze opisu firmy;;2;308;
Forem. Foremnik J.;8;5252356851;7;Ożarów Mazowiecki;05-850;ul. Parkowa 5b;miostudio@miostudio.com.pl;48506130730;Nie uzupełniono jeszcze opisu firmy;;2;309;
Axis SC. Kulesza E. i K.;8;1181900534;7;Warszawa;01-913;ul. Szekspira 2;info@gabinet-ewa.eu;48228646030;Nie uzupełniono jeszcze opisu firmy;;2;310;
Protea. Instytut Zdrowia i Urody;8;1131965112;7;Warszawa;02-127;ul. Bohdanowicza 19 lok. 7;info@proteapolska.pl;48228242534;Nie uzupełniono jeszcze opisu firmy;;2;311;
Charley SPA. Skarżyńska K.;8;5681358075;7;Zakręt (pułtuski);06-100;ul. Stare Miasto 22;salon@charley-spa.pl;48236928344;Nie uzupełniono jeszcze opisu firmy;;2;312;
